company,ticker,cik,filing_date,period,revenue_reported,eps_diluted,net_income
Apple Inc.,AAPL,0000320193,2026-07-30,third quarter fiscal 2026,109417.0,2.02,29789.0
Apple Inc.,AAPL,0000320193,2026-04-30,second quarter fiscal 2026,111184.0,2.01,29578.0
Apple Inc.,AAPL,0000320193,2026-01-29,first quarter fiscal 2026,143756.0,2.84,42097.0
Apple Inc.,AAPL,0000320193,2025-10-30,fourth quarter fiscal 2025,102466.0,1.85,27466.0
Microsoft Corporation,MSFT,0000789019,2026-07-29,fourth quarter fiscal 2026,90007.0,4.81,35766.0
Microsoft Corporation,MSFT,0000789019,2026-04-29,third quarter fiscal 2026,82886.0,4.27,31778.0
Microsoft Corporation,MSFT,0000789019,2026-01-28,second quarter fiscal 2026,81273.0,5.16,38458.0
Microsoft Corporation,MSFT,0000789019,2025-10-29,first quarter fiscal 2026,77673.0,3.72,27747.0
NVIDIA Corporation,NVDA,0001045810,2026-08-26,second quarter fiscal 2027,96221.0,2.46,59688.0
NVIDIA Corporation,NVDA,0001045810,2026-05-20,first quarter fiscal 2027,81615.0,2.39,58321.0
NVIDIA Corporation,NVDA,0001045810,2026-02-25,fourth quarter fiscal 2026,68127.0,1.76,42960.0
NVIDIA Corporation,NVDA,0001045810,2025-11-19,third quarter fiscal 2026,57006.0,1.30,31910.0
JPMorgan Chase & Co.,JPM,0000019617,2026-07-14,second quarter 2026,57300.0,7.70,21200.0
JPMorgan Chase & Co.,JPM,0000019617,2026-04-14,first quarter 2026,49800.0,5.94,16500.0
JPMorgan Chase & Co.,JPM,0000019617,2026-01-13,fourth quarter 2025,45800.0,4.63,13000.0
JPMorgan Chase & Co.,JPM,0000019617,2025-10-14,third quarter 2025,46400.0,5.07,14400.0
Walmart Inc.,WMT,0000104169,2026-08-20,second quarter fiscal 2027,187937.0,0.80,6366.0
Walmart Inc.,WMT,0000104169,2026-05-21,first quarter fiscal 2027,177751.0,0.67,5330.0
Walmart Inc.,WMT,0000104169,2026-02-19,fourth quarter fiscal 2026,190656.0,0.53,4237.0
Walmart Inc.,WMT,0000104169,2025-11-20,third quarter fiscal 2026,179496.0,0.77,6143.0
